{"_id":{"$oid":"5bdf39e59a1a621b28dbfbd9"},"airportCode":"LHR","name":"London Heathrow Airport","country":"United Kingdom","city":"London","hourlyWaitCharge":{"$numberDouble":"275.5"},"refeulingCostperLiter":{"$numberDouble":"3.1"}}
{"_id":{"$oid":"5bdf3bcb4f71331b28102bc9"},"airportCode":"ATH","name":"Athens International Airport\t","country":"Greece","city":"Athens","hourlyWaitCharge":{"$numberInt":"175"},"refeulingCostperLiter":{"$numberDouble":"3.5"}}
{"_id":{"$oid":"5bdf3c384f71331b28102bca"},"airportCode":"MUC","name":"München Airport\t","country":"Germany","city":"München","hourlyWaitCharge":{"$numberInt":"150"},"refeulingCostperLiter":{"$numberInt":"2"}}
{"_id":{"$oid":"5bdf3cb84f71331b28102bcb"},"airportCode":"LCA","name":"Larnaca International Airport","country":"Cyprus","city":"Nicosia","hourlyWaitCharge":{"$numberInt":"170"},"refeulingCostperLiter":{"$numberDouble":"3.8"}}
{"_id":{"$oid":"5bdf3d494f71331b28102bcc"},"airportCode":"CPH","name":"Copenhagen Airport","country":"Denmark","city":"Copenhagen","hourlyWaitCharge":{"$numberInt":"80"},"refeulingCostperLiter":{"$numberDouble":"1.9"}}
{"_id":{"$oid":"5bdf3d8a4f71331b28102bcd"},"airportCode":"FCO","name":"Rome Leonardo Da Vinci International Airport","country":"Italy","city":"Rome","hourlyWaitCharge":{"$numberInt":"220"},"refeulingCostperLiter":{"$numberDouble":"2.7"}}
{"_id":{"$oid":"5bdf3e5b4f71331b28102bce"},"airportCode":"BRU","name":"Brussels Airport","country":"Belgium","city":"Brussels","hourlyWaitCharge":{"$numberInt":"150"},"refeulingCostperLiter":{"$numberDouble":"2.5"}}
{"_id":{"$oid":"5bdf3e994f71331b28102bcf"},"airportCode":"CDG","name":"Paris Charles de Gaulle International Airport","country":"France","city":"Paris","hourlyWaitCharge":{"$numberInt":"140"},"refeulingCostperLiter":{"$numberInt":"3"}}
{"_id":{"$oid":"5bdf3eda4f71331b28102bd0"},"airportCode":"BCN","name":"Barcelona Airport","country":"Spain","city":"Barcelona","hourlyWaitCharge":{"$numberInt":"130"},"refeulingCostperLiter":{"$numberInt":"2"}}
{"_id":{"$oid":"5bdf3f164f71331b28102bd1"},"airportCode":"OSL","name":"Oslo Airport Gardermoen","country":"Norway","city":"Oslo","hourlyWaitCharge":{"$numberInt":"80"},"refeulingCostperLiter":{"$numberInt":"1"}}
