{"_id":{"$oid":"5be1e2011bdd95ec7fd0bba2"},"bookingCode":"bc0308","bookingDateTime":{"$date":{"$numberLong":"1549703823000"}},"numberOfPassengers":{"$numberInt":"1"},"cost":{"$numberInt":"1028"},"journey":{"departureDateTime":"2018-11-18 11:02:09","startAirport":{"code":"BRU","name":"Brussels International Airport"},"arrivalDateTime":"2018-12-26 19:41:27","endAirport":{"code":"BRU","name":"Brussels International Airport"},"lengthTime":{"$numberInt":"340"}},"passengers":[{"bookingOwner":true,"email":"ihoulahan3@kickstarter.com","fullName":"Andy Coppenhall"}],"INTERMEDIATE_FLIGHTS":[{"flightNumber":"AI000","departureAirport":"London Heathrow International Airport","departureDateTime":{"$date":{"$numberLong":"1544111226000"}},"arrivalAirport":"Athens International Airport","arrivalDateTime":{"$date":{"$numberLong":"1544743533000"}},"totalDuration":{"$numberInt":"340"},"seatCostPerPassenger":{"$numberInt":"1028"}}]}
{"_id":{"$oid":"5be1e2011bdd95ec7fd0bb9f"},"bookingCode":"bc5972","bookingDateTime":{"$date":{"$numberLong":"1548182051000"}},"numberOfPassengers":{"$numberInt":"1"},"cost":{"$numberInt":"1538"},"journey":{"departureDateTime":"2018-12-18 16:59:50","startAirport":{"code":"LHR","name":"London Heathrow International Airport"},"arrivalDateTime":"2018-12-22 07:15:41","endAirport":{"code":"ATH","name":"Athens International Airport"},"lengthTime":{"$numberInt":"150"}},"passengers":[{"bookingOwner":true,"email":"mclaffey6@amazon.de","fullName":"Myrlene Claffey"}],"INTERMEDIATE_FLIGHTS":[{"flightNumber":"AI745","departureAirport":"London Heathrow International Airport","departureDateTime":{"$date":{"$numberLong":"1545796438000"}},"arrivalAirport":"Athens International Airport","arrivalDateTime":{"$date":{"$numberLong":"1545772271000"}},"totalDuration":{"$numberInt":"150"},"seatCostPerPassenger":{"$numberInt":"1538"}}]}
{"_id":{"$oid":"5be1e2011bdd95ec7fd0bb9d"},"bookingCode":"bc4185","bookingDateTime":{"$date":{"$numberLong":"1545435632000"}},"numberOfPassengers":{"$numberInt":"1"},"cost":{"$numberInt":"3355"},"journey":{"departureDateTime":"2018-12-21 14:25:19","startAirport":{"code":"ATH","name":"Athens International Airport"},"arrivalDateTime":"2018-12-17 01:31:08","endAirport":{"code":"LHR","name":"London Heathrow International Airport"},"lengthTime":{"$numberInt":"263"}},"passengers":[{"bookingOwner":true,"email":"ahalfhydea@youtube.com","fullName":"Anissa Halfhyde"}],"INTERMEDIATE_FLIGHTS":[{"flightNumber":"AI590","departureAirport":"London Heathrow International Airport","departureDateTime":{"$date":{"$numberLong":"1546850241000"}},"arrivalAirport":"Athens International Airport","arrivalDateTime":{"$date":{"$numberLong":"1545465856000"}},"totalDuration":{"$numberInt":"123"},"seatCostPerPassenger":{"$numberInt":"1630"}},{"flightNumber":"AI077","departureAirport":"Athens International Airport","departureDateTime":{"$date":{"$numberLong":"1545878175000"}},"arrivalAirport":"Brussels International Airport","arrivalDateTime":{"$date":{"$numberLong":"1549392533000"}},"totalDuration":{"$numberInt":"140"},"seatCostPerPassenger":{"$numberInt":"1725"}}]}
{"_id":{"$oid":"5be1e2011bdd95ec7fd0bbaa"},"bookingCode":"bc3820","bookingDateTime":{"$date":{"$numberLong":"1545569938000"}},"numberOfPassengers":{"$numberInt":"2"},"cost":{"$numberInt":"5798"},"journey":{"departureDateTime":"2019-01-14 08:36:44","startAirport":{"code":"LHR","name":"London Heathrow International Airport"},"arrivalDateTime":"2019-01-11 00:48:36","endAirport":{"code":"LHR","name":"London Heathrow International Airport"},"lengthTime":{"$numberInt":"540"}},"passengers":[{"bookingOwner":true,"email":"jtrittont@chicagotribune.com","fullName":"Jennine Tritton"},{"bookingOwner":false,"email":"jtrittont@chicagotribune.com","fullName":"Jennine Tritton"}],"INTERMEDIATE_FLIGHTS":[{"flightNumber":"AI844","departureAirport":"London Heathrow International Airport","departureDateTime":{"$date":{"$numberLong":"1546493684000"}},"arrivalAirport":"Athens International Airport","arrivalDateTime":{"$date":{"$numberLong":"1542980808000"}},"totalDuration":{"$numberInt":"340"},"seatCostPerPassenger":{"$numberInt":"1263"}},{"flightNumber":"AI774","departureAirport":"Athens International Airport","departureDateTime":{"$date":{"$numberLong":"1545221552000"}},"arrivalAirport":"Brussels International Airport","arrivalDateTime":{"$date":{"$numberLong":"1545123238000"}},"totalDuration":{"$numberInt":"200"},"seatCostPerPassenger":{"$numberInt":"1636"}}]}
{"_id":{"$oid":"5be1e2011bdd95ec7fd0bbad"},"bookingCode":"bc9475","bookingDateTime":{"$date":{"$numberLong":"1547919234000"}},"numberOfPassengers":{"$numberInt":"3"},"cost":{"$numberInt":"7476"},"journey":{"departureDateTime":"2018-11-29 09:00:55","startAirport":{"code":"LCA","name":"Larnaca International Airport"},"arrivalDateTime":"2018-12-17 22:36:54","endAirport":{"code":"CPH","name":"Copenhagen Airport"},"lengthTime":{"$numberInt":"332"}},"passengers":[{"bookingOwner":true,"email":"abridgestockr@fastcompany.com","fullName":"Aurelie Bridgestock"},{"bookingOwner":false,"email":"hfitkin2@oaic.gov.au","fullName":"Hamish Fitkin"},{"bookingOwner":false,"email":"rafaelNicols@hotmail.com","fullName":"Rafael Nicols"}],"INTERMEDIATE_FLIGHTS":[{"flightNumber":"AI412","departureAirport":"London Heathrow International Airport","departureDateTime":{"$date":{"$numberLong":"1549398396000"}},"arrivalAirport":"Athens International Airport","arrivalDateTime":{"$date":{"$numberLong":"1549190827000"}},"totalDuration":{"$numberInt":"132"},"seatCostPerPassenger":{"$numberInt":"1095"}},{"flightNumber":"AI345","departureAirport":"Athens International Airport","departureDateTime":{"$date":{"$numberLong":"1547994412000"}},"arrivalAirport":"Brussels International Airport","arrivalDateTime":{"$date":{"$numberLong":"1542673550000"}},"totalDuration":{"$numberInt":"200"},"seatCostPerPassenger":{"$numberInt":"1397"}}]}
{"_id":{"$oid":"5be1e2011bdd95ec7fd0bb9e"},"bookingCode":"bc2165","bookingDateTime":{"$date":{"$numberLong":"1545003556000"}},"numberOfPassengers":{"$numberInt":"3"},"cost":{"$numberInt":"4590"},"journey":{"departureDateTime":"2019-02-02 15:11:45","startAirport":{"code":"LCA","name":"Larnaca International Airport"},"arrivalDateTime":"2018-12-06 07:07:55","endAirport":{"code":"OSL","name":"Larnaca International Airport"},"lengthTime":{"$numberInt":"90"}},"passengers":[{"bookingOwner":true,"email":"mclaffey6@amazon.de","fullName":"Myrlene Claffey"},{"bookingOwner":false,"email":"mramirezo@friendfeed.com","fullName":"Monah Ramirez"},{"bookingOwner":false,"email":"ahalfhydea@youtube.com","fullName":"Anissa Halfhyde"}],"INTERMEDIATE_FLIGHTS":[{"flightNumber":"AI134","departureAirport":"London Heathrow International Airport","departureDateTime":{"$date":{"$numberLong":"1544933257000"}},"arrivalAirport":"Athens International Airport","arrivalDateTime":{"$date":{"$numberLong":"1548914633000"}},"totalDuration":{"$numberInt":"90"},"seatCostPerPassenger":{"$numberInt":"1530"}}]}
{"_id":{"$oid":"5be1e2011bdd95ec7fd0bba8"},"bookingCode":"bc7601","bookingDateTime":{"$date":{"$numberLong":"1549151632000"}},"numberOfPassengers":{"$numberInt":"2"},"cost":{"$numberInt":"6310"},"journey":{"departureDateTime":"2019-01-28 00:38:54","startAirport":{"code":"ATH","name":"Athens International Airport"},"arrivalDateTime":"2018-11-26 11:02:19","endAirport":{"code":"CDG","name":"Charles de Gaulle Airport"},"lengthTime":{"$numberInt":"260"}},"passengers":[{"bookingOwner":true,"email":"grobathams@cyberchimps.com","fullName":"Gordan Robatham"},{"bookingOwner":false,"email":"aditisaraswat4@gmail.com","fullName":"Aditi Saraswat"}],"INTERMEDIATE_FLIGHTS":[{"flightNumber":"AI590","departureAirport":"London Heathrow International Airport","departureDateTime":{"$date":{"$numberLong":"1544914453000"}},"arrivalAirport":"Athens International Airport","arrivalDateTime":{"$date":{"$numberLong":"1546975140000"}},"totalDuration":{"$numberInt":"100"},"seatCostPerPassenger":{"$numberInt":"1959"}},{"flightNumber":"AI115","departureAirport":"Athens International Airport","departureDateTime":{"$date":{"$numberLong":"1548749032000"}},"arrivalAirport":"Brussels International Airport","arrivalDateTime":{"$date":{"$numberLong":"1549269850000"}},"totalDuration":{"$numberInt":"160"},"seatCostPerPassenger":{"$numberInt":"1196"}}]}
{"_id":{"$oid":"5be1e2011bdd95ec7fd0bba9"},"bookingCode":"bc0674","bookingDateTime":{"$date":{"$numberLong":"1544998533000"}},"numberOfPassengers":{"$numberInt":"1"},"cost":{"$numberInt":"3108"},"journey":{"departureDateTime":"2019-01-09 03:06:09","startAirport":{"code":"BCN","name":"Barcelona–El Prat Airport"},"arrivalDateTime":"2018-11-12 23:10:45","endAirport":{"code":"BCN","name":"Barcelona–El Prat Airport"},"lengthTime":{"$numberInt":"260"}},"passengers":[{"bookingOwner":true,"email":"sscipseyh@angelfire.com","fullName":"Stinky Scipsey"}],"INTERMEDIATE_FLIGHTS":[{"flightNumber":"AI246","departureAirport":"London Heathrow International Airport","departureDateTime":{"$date":{"$numberLong":"1547770897000"}},"arrivalAirport":"Athens International Airport","arrivalDateTime":{"$date":{"$numberLong":"1546169630000"}},"totalDuration":{"$numberInt":"110"},"seatCostPerPassenger":{"$numberInt":"1305"}},{"flightNumber":"AI581","departureAirport":"Athens International Airport","departureDateTime":{"$date":{"$numberLong":"1545421368000"}},"arrivalAirport":"Brussels International Airport","arrivalDateTime":{"$date":{"$numberLong":"1546915894000"}},"totalDuration":{"$numberInt":"150"},"seatCostPerPassenger":{"$numberInt":"1803"}}]}
{"_id":{"$oid":"5be1e2011bdd95ec7fd0bb9c"},"bookingCode":"bc8876","bookingDateTime":{"$date":{"$numberLong":"1546908397000"}},"numberOfPassengers":{"$numberInt":"2"},"cost":{"$numberInt":"2686"},"journey":{"departureDateTime":"2018-12-05 20:09:09","startAirport":{"code":"LCA","name":"Larnaca International Airport"},"arrivalDateTime":"2018-12-29 09:12:36","endAirport":{"code":"BCN","name":"Barcelona–El Prat Airport"},"lengthTime":{"$numberInt":"120"}},"passengers":[{"bookingOwner":true,"email":"mclaffey6@amazon.de","fullName":"Myrlene Claffey"},{"bookingOwner":false,"email":"acoppenhallb@360.cn","fullName":"Andy Coppenhall"}],"INTERMEDIATE_FLIGHTS":[{"flightNumber":"AI327","departureAirport":"London Heathrow International Airport","departureDateTime":{"$date":{"$numberLong":"1542120902000"}},"arrivalAirport":"Athens International Airport","arrivalDateTime":{"$date":{"$numberLong":"1549650143000"}},"totalDuration":{"$numberInt":"120"},"seatCostPerPassenger":{"$numberInt":"1343"}}]}
{"_id":{"$oid":"5be1e2011bdd95ec7fd0bba5"},"bookingCode":"bc6912","bookingDateTime":{"$date":{"$numberLong":"1542528241000"}},"numberOfPassengers":{"$numberInt":"3"},"cost":{"$numberInt":"5535"},"journey":{"departureDateTime":"2018-12-12 14:59:30","startAirport":{"code":"ATH","name":"Athens International Airport"},"arrivalDateTime":"2018-12-08 07:24:04","endAirport":{"code":"LCA","name":"Larnaca International Airport"},"lengthTime":{"$numberInt":"80"}},"passengers":[{"bookingOwner":true,"email":"acoppenhallb@360.cn","fullName":"Andy Coppenhall"},{"bookingOwner":false,"email":"ugillmoref@youtube.com","fullName":"Uta Gillmore"},{"bookingOwner":false,"email":"molivie@uiuc.edu","fullName":"Miguel Olivi"}],"INTERMEDIATE_FLIGHTS":[{"flightNumber":"AI600","departureAirport":"London Heathrow International Airport","departureDateTime":{"$date":{"$numberLong":"1543658771000"}},"arrivalAirport":"Athens International Airport","arrivalDateTime":{"$date":{"$numberLong":"1546477373000"}},"totalDuration":{"$numberInt":"80"},"seatCostPerPassenger":{"$numberInt":"1845"}}]}
{"_id":{"$oid":"5be1e2011bdd95ec7fd0bba6"},"bookingCode":"bc6161","bookingDateTime":{"$date":{"$numberLong":"1544886010000"}},"numberOfPassengers":{"$numberInt":"1"},"cost":{"$numberInt":"2312"},"journey":{"departureDateTime":"2018-11-27 14:34:35","startAirport":{"code":"LHR","name":"London Heathrow International Airport"},"arrivalDateTime":"2019-01-04 08:46:01","endAirport":{"code":"MUC","name":"Munchen International Airport"},"lengthTime":{"$numberInt":"-2"}},"passengers":[{"bookingOwner":true,"email":"gmitchelsong@indiatimes.com","fullName":"Grayce Mitchelson"}],"INTERMEDIATE_FLIGHTS":[{"flightNumber":"AI122","departureAirport":"London Heathrow International Airport","departureDateTime":"2019-01-17 12:48:47","arrivalAirport":"Athens International Airport","arrivalDateTime":"2018-11-23 10:17:18","totalDuration":{"$numberInt":"-1"},"seatCostPerPassenger":{"$numberInt":"1079"}},{"flightNumber":"AI486","departureAirport":"Athens International Airport","departureDateTime":"2019-02-03 06:05:19","arrivalAirport":"Brussels International Airport","arrivalDateTime":"2018-12-23 15:48:42","totalDuration":{"$numberInt":"-1"},"seatCostPerPassenger":{"$numberInt":"1233"}}]}
{"_id":{"$oid":"5be1e2011bdd95ec7fd0bbac"},"bookingCode":"bc8598","bookingDateTime":{"$date":{"$numberLong":"1542312740000"}},"numberOfPassengers":{"$numberInt":"3"},"cost":{"$numberInt":"8202"},"journey":{"departureDateTime":"2018-11-29 05:57:07","startAirport":{"code":"LCA","name":"Larnaca International Airport"},"arrivalDateTime":"2018-12-16 16:08:45","endAirport":{"code":"BCN","name":"Barcelona–El Prat Airport"},"lengthTime":{"$numberInt":"440"}},"passengers":[{"bookingOwner":true,"email":"fconti0@artisteer.com","fullName":"Findlay Conti"},{"bookingOwner":false,"email":"mtruwertj@nyu.edu","fullName":"Matty Truwert"},{"bookingOwner":false,"email":"rafaelNicols@hotmail.com","fullName":"Rafael Nicols"}],"INTERMEDIATE_FLIGHTS":[{"flightNumber":"AI981","departureAirport":"London Heathrow International Airport","departureDateTime":{"$date":{"$numberLong":"1542568260000"}},"arrivalAirport":"Athens International Airport","arrivalDateTime":{"$date":{"$numberLong":"1545283166000"}},"totalDuration":{"$numberInt":"320"},"seatCostPerPassenger":{"$numberInt":"1292"}},{"flightNumber":"AI186","departureAirport":"Athens International Airport","departureDateTime":{"$date":{"$numberLong":"1547522431000"}},"arrivalAirport":"Brussels International Airport","arrivalDateTime":{"$date":{"$numberLong":"1542598565000"}},"totalDuration":{"$numberInt":"120"},"seatCostPerPassenger":{"$numberInt":"1442"}}]}
{"_id":{"$oid":"5be1e2011bdd95ec7fd0bba7"},"bookingCode":"bc1668","bookingDateTime":{"$date":{"$numberLong":"1543967582000"}},"numberOfPassengers":{"$numberInt":"3"},"cost":{"$numberInt":"7956"},"journey":{"departureDateTime":"2018-12-25 23:52:04","startAirport":{"code":"BRU","name":"Brussels International Airport"},"arrivalDateTime":"2019-01-24 09:21:06","endAirport":{"code":"OSL","name":"Oslo Airport Gardermoen"},"lengthTime":{"$numberInt":"570"}},"passengers":[{"bookingOwner":true,"email":"agierckn@spiegel.de","fullName":"Arthur Gierck"},{"bookingOwner":false,"email":"svossp@vinaora.com","fullName":"Sandy Voss"},{"bookingOwner":false,"email":"ugillmoref@youtube.com","fullName":"Uta Gillmore"}],"INTERMEDIATE_FLIGHTS":[{"flightNumber":"AI669","departureAirport":"London Heathrow International Airport","departureDateTime":{"$date":{"$numberLong":"1544160334000"}},"arrivalAirport":"Athens International Airport","arrivalDateTime":{"$date":{"$numberLong":"1544167534000"}},"totalDuration":{"$numberInt":"230"},"seatCostPerPassenger":{"$numberInt":"1247"}},{"flightNumber":"AI473","departureAirport":"Athens International Airport","departureDateTime":{"$date":{"$numberLong":"1543861269000"}},"arrivalAirport":"Brussels International Airport","arrivalDateTime":{"$date":{"$numberLong":"1548337560000"}},"totalDuration":{"$numberInt":"340"},"seatCostPerPassenger":{"$numberInt":"1405"}}]}
{"_id":{"$oid":"5be1e2011bdd95ec7fd0bbae"},"bookingCode":"bc8594","bookingDateTime":{"$date":{"$numberLong":"1541066991000"}},"numberOfPassengers":{"$numberInt":"2"},"cost":{"$numberInt":"2428"},"journey":{"departureDateTime":{"$date":{"$numberLong":"1542347173000"}},"startAirport":{"code":"MUC","name":"Munchen Internation Airport"},"arrivalDateTime":{"$date":{"$numberLong":"1542352944000"}},"endAirport":{"code":"BCN","name":"Barcelona-El Prat Airport"},"lengthTime":{"$numberInt":"96"}},"passengers":[{"bookingOwner":true,"email":"jtrittont@chicagotribune.com","fullName":"Jennine Tritton"},{"bookingOwner":false,"email":"abridgestockr@fastcompany.com","fullName":"Aurelie Bridgestock"}],"INTERMEDIATE_FLIGHTS":[{"flightNumber":"AI153","departureAirport":{"Code":"MUC"},"Name":"Munchen International Airport","departureDateTime":{"$date":{"$numberLong":"1542347173000"}},"arrivalAirport":{"Code":"ATH","Name":"Athens International Airport"},"arrivalDateTime":{"$date":{"$numberLong":"1542352944000"}},"totalDuration":{"$numberInt":"96"},"seatCostPerPassenger":{"$numberInt":"1214"}}]}
{"_id":{"$oid":"5be1e2011bdd95ec7fd0bba1"},"bookingCode":"bc0499","bookingDateTime":{"$date":{"$numberLong":"1546794373000"}},"numberOfPassengers":{"$numberInt":"3"},"cost":{"$numberInt":"4161"},"journey":{"departureDateTime":"2019-01-26 04:46:21","startAirport":{"code":"LCA","name":"Larnaca International Airport"},"arrivalDateTime":"2018-11-24 02:40:22","endAirport":{"code":"ATH","name":"Athens International Airport"},"lengthTime":{"$numberInt":"80"}},"passengers":[{"bookingOwner":true,"email":"jmackneis8@mit.edu","fullName":"Jeremy Mackneis"},{"bookingOwner":false,"email":"rayars7@plala.or.jp","fullName":"Raff Ayars"},{"bookingOwner":false,"email":"dcameratiq@simplemachinesorg","fullName":"Renie Jorissen"}],"INTERMEDIATE_FLIGHTS":[{"flightNumber":"AI995","departureAirport":"London Heathrow International Airport","departureDateTime":{"$date":{"$numberLong":"1549435591000"}},"arrivalAirport":"Athens International Airport","arrivalDateTime":{"$date":{"$numberLong":"1548639134000"}},"totalDuration":{"$numberInt":"80"},"seatCostPerPassenger":{"$numberInt":"1387"}}]}
{"_id":{"$oid":"5be1e2011bdd95ec7fd0bba0"},"bookingCode":"bc5296","bookingDateTime":{"$date":{"$numberLong":"1573082861000"}},"numberOfPassengers":{"$numberInt":"2"},"cost":{"$numberInt":"16244"},"journey":{"departureDateTime":{"$date":{"$numberLong":"1549086991000"}},"startAirport":{"code":"CDG","name":"Charles de Gaulle Airport"},"arrivalDateTime":{"$date":{"$numberLong":"1549090231000"}},"endAirport":{"code":"LHR","name":"London Heathrow International Airport"},"lengthTime":{"$numberInt":"54"}},"passengers":[{"bookingOwner":true,"email":"eleachman1@bravesites.com","fullName":"Eloise Leachman"},{"bookingOwner":false,"email":"rayars7@plala.or.jp","fullName":"Raff Ayars"}],"INTERMEDIATE_FLIGHTS":[{"flightNumber":"AI003","departureAirport":{"Code":"CDG","Name":"Charles de Gaulle Airport"},"departureDateTime":{"$date":{"$numberLong":"1549086991000"}},"arrivalAirport":{"Code":"LHR","Name":"London Heathrow International Airport"},"arrivalDateTime":{"$date":{"$numberLong":"1549090231000"}},"totalDuration":{"$numberInt":"54"},"seatCostPerPassenger":{"$numberInt":"8122"}}]}
{"_id":{"$oid":"5be1e2011bdd95ec7fd0bbab"},"bookingCode":"bc1010","bookingDateTime":{"$date":{"$numberLong":"1574052125000"}},"numberOfPassengers":{"$numberInt":"1"},"cost":{"$numberInt":"1943"},"journey":{"departureDateTime":{"$date":{"$numberLong":"1542634734000"}},"startAirport":{"code":"MUC","name":"Munchen International Airport"},"arrivalDateTime":{"$date":{"$numberLong":"1542640494000"}},"endAirport":{"code":"LHR","name":"London Heathrow International Airport"},"lengthTime":{"$numberInt":"96"}},"passengers":[{"bookingOwner":true,"email":"egrollm@nationalgeographic.com","fullName":"Everard Groll"}],"INTERMEDIATE_FLIGHTS":[{"flightNumber":"AI912","departureAirport":{"Code":"MUC","Name":"Munchen Airport Airport"},"departureDateTime":{"$date":{"$numberLong":"1542634734000"}},"arrivalAirport":{"Code":"LHR","Name":"London Heathrow International Airports"},"arrivalDateTime":{"$date":{"$numberLong":"1542640494000"}},"totalDuration":{"$numberInt":"96"},"seatCostPerPassenger":{"$numberInt":"1943"}}]}
{"_id":{"$oid":"5be1e2011bdd95ec7fd0bba4"},"bookingCode":"bc7437","bookingDateTime":{"$date":{"$numberLong":"1541116800000"}},"numberOfPassengers":{"$numberInt":"3"},"cost":{"$numberInt":"3258"},"journey":{"departureDateTime":{"$date":{"$numberLong":"1549514917000"}},"startAirport":{"code":"LCA","name":"Larnaca International Airport"},"arrivalDateTime":{"$date":{"$numberLong":"1548675988000"}},"endAirport":{"code":"CPH","name":"Copenhagen Airport"},"lengthTime":{"$numberInt":"70"}},"passengers":[{"bookingOwner":true,"email":"aditisaraswat4@gmail.com","fullName":"Aditi Saraswat"},{"bookingOwner":false,"email":"chelseaGough@yahoo.com","fullName":"Chelsea Gough"},{"bookingOwner":false,"email":"molivie@uiuc.edu","fullName":"Miguel Olivi"}],"INTERMEDIATE_FLIGHTS":[{"flightNumber":"AI690","departureAirport":{"Code":"LCA","Name":"Larnaca International Airport"},"departureDateTime":{"$date":{"$numberLong":"1549514917000"}},"arrivalAirport":{"Code":"CPH","Name":"Copenhagen Airport"},"arrivalDateTime":{"$date":{"$numberLong":"1548675988000"}},"totalDuration":{"$numberInt":"70"},"seatCostPerPassenger":{"$numberInt":"1086"}}]}
{"_id":{"$oid":"5be1e2011bdd95ec7fd0bba3"},"bookingCode":"bc0052","bookingDateTime":{"$date":{"$numberLong":"1542367453000"}},"numberOfPassengers":{"$numberInt":"2"},"cost":{"$numberInt":"2186"},"journey":{"departureDateTime":{"$date":{"$numberLong":"1542722374000"}},"startAirport":{"code":"BCN","name":"Barcelona–El Prat Airport"},"arrivalDateTime":{"$date":{"$numberLong":"1549480237000"}},"endAirport":{"code":"CDG","name":"Charles de Gaulle Airport"},"lengthTime":{"$numberInt":"65"}},"passengers":[{"bookingOwner":true,"email":"rayars7@plala.or.jp","fullName":"Raff Ayars"},{"bookingOwner":false,"email":"jtrittont@chicagotribune.com","fullName":"Jennine Tritton"}],"INTERMEDIATE_FLIGHTS":[{"flightNumber":"AI180","departureAirport":{"Code":"BCN","Name":"Barcelona-El Prat Airport"},"departureDateTime":{"$date":{"$numberLong":"1542722374000"}},"arrivalAirport":{"Code":"CDG","Name":"Charles de Gauller Airport"},"arrivalDateTime":{"$date":{"$numberLong":"1549480237000"}},"totalDuration":{"$numberInt":"65"},"seatCostPerPassenger":{"$numberInt":"1093"}}]}
{"_id":{"$oid":"5be1e2011bdd95ec7fd0bb9b"},"bookingCode":"bc0968","bookingDateTime":{"$date":{"$numberLong":"1547464675000"}},"numberOfPassengers":{"$numberInt":"2"},"cost":{"$numberInt":"7404"},"journey":{"departureDateTime":"2019-01-26 23:28:35","startAirport":{"code":"CPH","name":"Copenhagen Airport"},"arrivalDateTime":"2019-01-07 01:10:17","endAirport":{"code":"BCN","name":"Barcelona–El Prat Airport"},"lengthTime":{"$numberInt":"145"}},"passengers":[{"bookingOwner":true,"email":"gfaulkeneri@odnoklassniki.ru","fullName":"Gil Faulkener"},{"bookingOwner":false,"email":"acoppenhallb@360.cn","fullName":"Andy Coppenhall"}],"INTERMEDIATE_FLIGHTS":[{"flightNumber":"AI139","departureAirport":"London Heathrow International Airport","departureDateTime":{"$date":{"$numberLong":"1545972310000"}},"arrivalAirport":"Athens International Airport","arrivalDateTime":{"$date":{"$numberLong":"1545155166000"}},"totalDuration":{"$numberInt":"65"},"seatCostPerPassenger":{"$numberInt":"1907"}},{"flightNumber":"AI392","departureAirport":"Athens International Airport","departureDateTime":{"$date":{"$numberLong":"1547169441000"}},"arrivalAirport":"Brussels International Airport","arrivalDateTime":{"$date":{"$numberLong":"1549524441000"}},"totalDuration":{"$numberInt":"80"},"seatCostPerPassenger":{"$numberInt":"1795"}}]}
