[{"_id": "5bde0e51cf610bd086af69ac","EmployeeID":"424a222b-e93a-489b-8919-8114e3918cfd","FullName":"Dona Roberts","Gender":"female","Age": "40","Role":"Maintenance Staff","StartDate":{"$date":  "1510704000000"},"Salary":  "2437.9","Address":"122 Wolcott Street, Macdona, Vermont, 2854"},
{"_id": "5bde0e51cf610bd086af69ab","EmployeeID":"170d7817-af4b-4fe8-bb68-40fe77dc0e8d","FullName":"Mindy Booker","Gender":"female","Age": "23","Role":"Booking Clerk","StartDate":{"$date":  "1538611200000"},"Salary":  "3585.6","Address":"757 Neptune Court, Dundee, Connecticut, 6776"},
{"_id": "5bde0e51cf610bd086af69a4","EmployeeID":"aebdcae9-e6f7-4407-a0b9-b239cfc67268","FullName":"Faulkner Acosta","Gender":"male","Age": "40","Role":"Maintenance Staff","StartDate":{"$date":  "1457827200000"},"Salary":  "2705.5","Address":"751 Melrose Street, Winesburg, Puerto Rico, 8689"},
{"_id": "5bde0e51cf610bd086af69a0","EmployeeID":"59e0c31f-5b25-43aa-85b9-d08698126ca7","FullName":"Cochran Bishop","Gender":"male","Age": "31","Role":"Maintenance Staff","StartDate":{"$date":  "1415923200000"},"Salary":  "2040.2","Address":"175 Bradford Street, Hiwasse, Federated States Of Micronesia, 6668"},
{"_id": "5bde0e51cf610bd086af69a5","EmployeeID":"ff86e022-7bef-4980-88ac-07a60ace3ee6","FullName":"Lora Middleton","Gender":"female","Age": "59","Role":"Cabin Crew","StartDate":{"$date":  "1468627200000"},"Salary": "1738","Address":"832 Story Court, Marienthal, Illinois, 4377"},
{"_id": "5bde0e51cf610bd086af69a3","EmployeeID":"4ecbb093-98f4-4b78-981f-fbb4306e56e3","FullName":"Melisa Haney","Gender":"female","Age": "26","Role":"Cabin Crew","StartDate":{"$date":  "1458604800000"},"Salary":  "1740.7","Address":"470 Harwood Place, Yorklyn, Colorado, 4853"},
{"_id": "5bde0e51cf610bd086af69a7","EmployeeID":"1460f0f6-592c-486c-8a97-24d6ca44a5b6","FullName":"Lola Levy","Gender":"female","Age": "48","Role":"Booking Clerk","StartDate":{"$date":  "1516665600000"},"Salary":  "3606.9","Address":"280 Leonora Court, Mammoth, Georgia, 3192"},
{"_id": "5bde0e51cf610bd086af69aa","EmployeeID":"b5051e6a-8381-4438-9445-c6fc04e99a6e","FullName":"Carole Mayo","Gender":"female","Age": "34","Role":"Cabin Crew","StartDate":{"$date":  "1404259200000"},"Salary":  "3551.9","Address":"970 Colby Court, Hailesboro, Pennsylvania, 8249"},
{"_id": "5bde0e51cf610bd086af69a2","EmployeeID":"4fc45a3e-0bb0-403a-af11-b3f4f916e93d","FullName":"Gena Cantu","Gender":"female","Age": "21","Role":"Booking Clerk","StartDate":{"$date":  "1452643200000"},"Salary":  "1900.7","Address":"521 Marconi Place, Manitou, Wisconsin, 1843"},
{"_id": "5bde0f0dcf610bd086af69b0","EmployeeID":"992aa58b-2395-4ec7-9922-9ce38850709e","FullName":"Gina Reyes","Gender":"female","Age": "33","Role":"Captain","StartDate":{"$date":  "1420848000000"},"Salary":  "4720.3","Address":"381 Schweikerts Walk, Brenton, Tennessee, 9034","PilotDetails":[{"PilotLicenseNumber":"1111239831","DateOfFFFT":{"$date":  "1388534400000"},"TestResult":"Pass"}]},
{"_id": "5bde0f0dcf610bd086af69b2","EmployeeID":"f7b00bd1-41d5-45a3-a343-efcbd154475d","FullName":"Lindsay Baird","Gender":"male","Age": "26","Role":"Pilot","StartDate":{"$date":  "1478736000000"},"Salary":  "2566.9","Address":"777 Ridgewood Avenue, Hayden, Georgia, 6194","PilotDetails":[{"PilotLicenseNumber":"1334229044","DateOfFFFT":{"$date":  "1365033600000"},"TestResult":"pass"}]},
{"_id": "5bde0f0dcf610bd086af69af","EmployeeID":"9cf0eeab-bc47-4ca5-9c12-d4935956aed4","FullName":"Bowen Whitfield","Gender":"male","Age": "55","Role":"Captain","StartDate":{"$date":  "1522368000000"},"Salary": "3654","Address":"664 Montauk Court, Summertown, Minnesota, 2891","PilotDetails":[{"PilotLicenseNumber":"3123456700","DateOfFFFT":{"$date":  "1362096000000"},"TestResult":"pass"}]},
{"_id": "5bde0f0dcf610bd086af69b1","EmployeeID":"d2189181-d611-416e-affa-8d6d2750809a","FullName":"Jo Rowe","Gender":"female","Age": "29","Role":"Pilot","StartDate":{"$date":  "1462921200000"},"Salary":  "3628.8","Address":"689 Lafayette Avenue, Gorst, Michigan, 1973","PilotDetails":[{"PilotLicenseNumber":"1020311220","DateOfFFFT":{"$date":  "1399161600000"},"TestResult":"Pass"}]},
{"_id": "5bde0f0dcf610bd086af69ae","EmployeeID":"6bb0734f-e855-4364-a0e0-856a140d1931","FullName":"Mccarthy Maxwell","Gender":"male","Age": "38","Role":"Captain","StartDate":{"$date":  "1528416000000"},"Salary":  "3370.5","Address":"222 Robert Street, Nescatunga, South Dakota, 1741","PilotDetails":[{"PilotLicenseNumber":"1324500000","DateOfFFFT":{"$date":  "1237593600000"},"TestResult":"Pass"}]},
{"_id": "5bde0f0dcf610bd086af69be","EmployeeID":"7f86d1d5-1b93-453b-9f6a-a388b9aad856","FullName":"Tammie Dawson","Gender":"female","Age": "34","Role":"Captain","StartDate":{"$date":  "1489017600000"},"Salary":  "5494.2","Address":"474 Tapscott Street, Waverly, Louisiana, 3970","PilotDetails":[{"PilotLicenseNumber":"9090313144","DateOfFFFT":{"$date":  "1389830400000"},"TestResult":"Pass"}]},
{"_id": "5bde0f0dcf610bd086af69b3","EmployeeID":"7a60cfe4-6c50-4132-97a8-d859297e9e60","FullName":"Irma Ryan","Gender":"female","Age": "37","Role":"Pilot","StartDate":{"$date":  "1513987200000"},"Salary":  "2634.9","Address":"271 Wortman Avenue, Marion, Arizona, 6586","PilotDetails":[{"PilotLicenseNumber":"6732229846","DateOfFFFT":{"$date":  "1506556800000"},"TestResult":"Pass"}]},
{"_id": "5bde0f0dcf610bd086af69b4","EmployeeID":"a3c8b77d-5fd3-4089-9325-a2a2e945ac40","FullName":"Walters Kennedy","Gender":"male","Age": "36","Role":"Captain","StartDate":{"$date":  "1517356800000"},"Salary":  "3725.1","Address":"738 National Drive, Siglerville, South Carolina, 8473","PilotDetails":[{"PilotLicenseNumber":"1010442785","DateOfFFFT":{"$date":  "1265760000000"},"TestResult":"Pass"}]},
{"_id": "5bde0f0dcf610bd086af69ba","EmployeeID":"41dfd693-aaea-4ff8-9adc-e96f602734aa","FullName":"Bond Hobbs","Gender":"male","Age": "43","Role":"Captain","StartDate":{"$date":  "1440374400000"},"Salary":  "5786.3","Address":"913 Gates Avenue, Aberdeen, Missouri, 4307","PilotDetails":[{"PilotLicenseNumber":"2239994370","DateOfFFFT":{"$date":  "1431388800000"},"TestResult":"Pass"}]},
{"_id": "5bdf6a7fee1f390f5b544dd4","EmployeeID":"4ecbb093-98f4-4b78-981f-fbb4306e56a9","FullName":"John Stockwell","Gender":"male","Age": "26","Role":"Cabin Crew","StartDate":{"$date":  "1453248000000"},"Salary": "2000","Address":"470 Earthwood Place, Yorklyn, Colorado, 4851"},
{"_id": "5bdf6adaee1f390f5b544dd5","EmployeeID":"4ecbb093-98f4-4b78-981f-aww4306e56e3","FullName":"Andrew Johnson","Gender":"male","Age": "31","Role":"Cabin Crew","StartDate":{"$date":  "1389139200000"},"Salary": "2530","Address":"45 Brunswick Place, New York, 4853"},
{"_id": "5bdf6b38ee1f390f5b544dd8","EmployeeID":"4ecbb093-98f4-4b78-981f-fbh8906e56e3","FullName":"Lisa Stones","Gender":"female","Age": "24","Role":"Cabin Crew","StartDate":{"$date":  "1494543600000"},"Salary": "1640","Address":"470 Bush Road, Yorklyn, Colorado, 4850"},
{"_id": "5bdf6b8fee1f390f5b544dd9","EmployeeID":"4ecbb093-98f4-4b78-910a-fbb4306e56e3","FullName":"Jennifer Richards","Gender":"female","Age": "28","Role":"Cabin Crew","StartDate":{"$date":  "1442876400000"},"Salary":  "1840.7","Address":"13 Waterloo Place, New York, 3053"},
{"_id": "5bdf6be1ee1f390f5b544dda","EmployeeID":"4ecbb093-98f4-4b78-981f-att6786e56e3","FullName":"Alex Smith","Gender":"male","Age": "27","Role":"Cabin Crew","StartDate":{"$date":  "1447200000000"},"Salary":  "1840.7","Address":"51 Hackney Road, Yorklyn, Colorado, 4853"},
{"_id": "5bdf6c3bee1f390f5b544ddb","EmployeeID":"4ecbb093-98f4-4b78-981f-fbb7777e56e3","FullName":"Isabela Drake","Gender":"female","Age": "29","Role":"Cabin Crew","StartDate":{"$date":  "1490655600000"},"Salary": "1550","Address":"40 City Road, New York, 3130"},
{"_id": "5bdf6c86ee1f390f5b544ddc","EmployeeID":"4ecbb093-98f4-4b78-999a-fbb4306e56e3","FullName":"Johnathan Jacombo","Gender":"male","Age": "25","Role":"Cabin Crew","StartDate":{"$date":  "1483056000000"},"Salary": "1800","Address":"530 Earlwood Place, California, 4350"},
{"_id": "5bdf7156ee1f390f5b544ddd","EmployeeID":"d2189181-d611-416e-affa-2a3s2750809a","FullName":"George Johnson","Gender":"male","Age": "30","Role":"Pilot","StartDate":{"$date":  "1443830400000"},"Salary": "4000","Address":"31 Smith  Avenue, New York, 1973","PilotDetails":[{"PilotLicenseNumber":"9022314657","DateOfFFFT":{"$date":  "1491264000000"},"TestResult":"Pass"}]},
{"_id": "5bdf71b0ee1f390f5b544dde","EmployeeID":"d2189181-d592-416e-affa-8d6d2750809a","FullName":"Barack Bush","Gender":"male","Age": "45","Role":"Pilot","StartDate":{"$date":  "1507161600000"},"Salary": "4500","Address":"21 Works Road, New York, 4073","PilotDetails":[{"PilotLicenseNumber":"1012366500","DateOfFFFT":{"$date":  "1488326400000"},"TestResult":"Pass"}]},
{"_id": "5bdf7712ed032747152fa24c","EmployeeID":"l9640489-d611-416e-affa-8d6d2759064f","FullName":"Gale Hartwright","Gender":"Female","Age": "42","Role":"Captain","StartDate":{"$date":  "1437778800000"},"Salary":  "5424.1","Address":"51419 Farragut Street","PilotDetails":[{"PilotLicenseNumber":"1312330464","DateOfFFFT":{"$date":  "1513296000000"},"testResult":"pass"}]},
{"_id": "5bdf7867ed032747152fa263","EmployeeID":"i3283656-y404-918t-fyfp-5c7u2000327h","FullName":"Sterne Tidmarsh","Gender":"Male","Age": "36","Role":"Pilot","StartDate":{"$date":  "1483315200000"},"Salary":  "4277.2","Address":"71378 School Court","PilotDetails":[{"PilotLicenseNumber":"7184369203","DateOfFFFT":{"$date":  "1425254400000"},"testResult":"pass"}]},
{"_id": "5bdf7867ed032747152fa262","EmployeeID":"a8207235-a267-824j-hvai-6w0m5292021b","FullName":"Lonnard Mewitt","Gender":"Male","Age": "50","Role":"Pilot","StartDate":{"$date":  "1437865200000"},"Salary":  "3747.2","Address":"10418 Mayer Junction","PilotDetails":[{"PilotLicenseNumber":"5119314744","DateOfFFFT":{"$date":  "1506556800000"},"testResult":"pass"}]},
{"_id": "5bdf7867ed032747152fa264","EmployeeID":"b5755876-d136-595m-uekr-1a5u1691682d","FullName":"Carlos Birtwell","Gender":"Male","Age": "32","Role":"Pilot","StartDate":{"$date":  "1501455600000"},"Salary":  "4351.7","Address":"63 Briar Crest Place","PilotDetails":[{"PilotLicenseNumber":"7135729201","DateOfFFFT":{"$date":  "1470441600000"},"testResult":"pass"}]},
{"_id": "5bdf7867ed032747152fa26b","EmployeeID":"g0426013-j736-099w-uqnf-2s5u0900898o","FullName":"Skippy Gurrado","Gender":"Male","Age": "28","Role":"Captain","StartDate":{"$date":  "1423958400000"},"Salary":  "3028.4","Address":"3425 Butterfield Court","PilotDetails":[{"PilotLicenseNumber":"9819485349","DateOfFFFT":{"$date":  "1508371200000"},"testResult":"pass"}]},
{"_id": "5bdf7867ed032747152fa268","EmployeeID":"s2910137-s828-346o-idon-7i8c1432200l","FullName":"Orel Lade","Gender":"Female","Age": "47","Role":"Pilot","StartDate":{"$date":  "1473116400000"},"Salary": "3977","Address":"923 Cottonwood Way","PilotDetails":[{"PilotLicenseNumber":"2117981307","DateOfFFFT":{"$date":  "1450828800000"},"testResult":"pass"}]},
{"_id": "5bdf7867ed032747152fa269","EmployeeID":"j8164599-s824-799c-qipq-8p9a4588342i","FullName":"Estel Barroux","Gender":"Female","Age": "39","Role":"Pilot","StartDate":{"$date":  "1425168000000"},"Salary":  "3532.8","Address":"738 Surrey Pass","PilotDetails":[{"PilotLicenseNumber":"5817792839","DateOfFFFT":{"$date":  "1466553600000"},"testResult":"pass"}]},
{"_id": "5bdf7867ed032747152fa267","EmployeeID":"w0065378-p082-481n-nali-3z8q0602047x","FullName":"Fons Lutzmann","Gender":"Male","Age": "49","Role":"Pilot","StartDate":{"$date":  "1447718400000"},"Salary":  "5300.6","Address":"55215 6th Crossing","PilotDetails":[{"PilotLicenseNumber":"7984904472","DateOfFFFT":{"$date":  "1420243200000"},"testResult":"pass"}]},
{"_id": "5bdf7867ed032747152fa26a","EmployeeID":"s0301342-q040-741g-vzxc-1f7l9106656h","FullName":"Jakob Phipps","Gender":"Male","Age": "30","Role":"Captain","StartDate":{"$date":  "1454976000000"},"Salary":  "4742.8","Address":"415 Iowa Point","PilotDetails":[{"PilotLicenseNumber":"5937545304","DateOfFFFT":{"$date":  "1482278400000"},"testResult":"pass"}]},
{"_id": "5bdf7867ed032747152fa265","EmployeeID":"g2060049-v410-875s-aagd-8q0f0777330d","FullName":"Alyss Lovemore","Gender":"Female","Age": "37","Role":"Captain","StartDate":{"$date":  "1490140800000"},"Salary":  "5153.7","Address":"26896 Chinook Circle","PilotDetails":[{"PilotLicenseNumber":"4041350741","DateOfFFFT":{"$date":  "1508371200000"},"testResult":"pass"}]},
{"_id": "5bdf7867ed032747152fa266","EmployeeID":"g9667732-e032-183a-rhdu-9h3y1043627o","FullName":"Gustave Crisp","Gender":"Male","Age": "33","Role":"Pilot","StartDate":{"$date":  "1491260400000"},"Salary":  "3953.5","Address":"0 Emmet Way","PilotDetails":[{"PilotLicenseNumber":"7988393969","DateOfFFFT":{"$date":  "1429056000000"},"testResult":"pass"}]},
{"_id": "5bdf7f79ed032747152fa271","EmployeeID":"k1992051-i214-869i-fxhd-4g0w3766904w","FullName":"Lennard Olivello","Gender":"Male","Age": "27","Role":"Cabin Crew","StartDate":"2015-05-19","Salary":  "1699.9","Address":"88996 Morning Avenue"},
{"_id": "5bdf7f79ed032747152fa26c","EmployeeID":"h5452412-w785-327i-lvpn-3m1j5729487t","FullName":"Gerhard Shark","Gender":"Male","Age": "24","Role":"Cabin Crew","StartDate":"2016-05-20","Salary":  "2220.8","Address":"0057 Golden Leaf Point"},
{"_id": "5bdf7f79ed032747152fa270","EmployeeID":"j0485949-m435-080l-rfym-3q9t6095162e","FullName":"Meggy Ollenbuttel","Gender":"Female","Age": "24","Role":"Cabin Crew","StartDate":"2016-12-24","Salary":  "2121.3","Address":"72219 Logan Circle"},
{"_id": "5bdf7f79ed032747152fa26e","EmployeeID":"s5833461-g804-859t-fakb-3k5j2561469f","FullName":"Ezri Reuther","Gender":"Male","Age": "26","Role":"Cabin Crew","StartDate":"2015-11-21","Salary":  "1607.8","Address":"00 Portage Lane"},
{"_id": "5bdf7f79ed032747152fa272","EmployeeID":"u8286205-n804-097a-rfme-4b2v1791975s","FullName":"Nanny Skoggings","Gender":"Female","Age": "24","Role":"Cabin Crew","StartDate":"2016-10-20","Salary":  "2426.9","Address":"638 Sutteridge Plaza"},
{"_id": "5bdf7f79ed032747152fa26d","EmployeeID":"f8511785-h339-529o-ljqp-3j5g4882655w","FullName":"Coriss Majury","Gender":"Female","Age": "21","Role":"Cabin Crew","StartDate":"2017-03-13","Salary":  "1834.9","Address":"4 Buena Vista Lane"},
{"_id": "5bdf7f79ed032747152fa273","EmployeeID":"l0968563-e868-875r-cbqn-6h8a1106767c","FullName":"Alvis Daymond","Gender":"Male","Age": "29","Role":"Cabin Crew","StartDate":"2015-09-16","Salary":  "2503.3","Address":"42 Namekagon Parkway"},
{"_id": "5bdf7f79ed032747152fa26f","EmployeeID":"l1197833-i338-111b-gohw-4w2c5727830j","FullName":"Tuckie Teck","Gender":"Male","Age": "23","Role":"Cabin Crew","StartDate":"2015-11-30","Salary":  "1964.1","Address":"149 Straubel Alley"},
{"_id": "5bdf7f79ed032747152fa274","EmployeeID":"c0972883-t673-373k-wsub-0n8h4308995y","FullName":"Brendin Rosenkranc","Gender":"Male","Age": "22","Role":"Cabin Crew","StartDate":"2016-04-22","Salary":  "2079.3","Address":"342 Old Gate Junction"},
{"_id": "5bdf7f79ed032747152fa275","EmployeeID":"p9368213-c601-792i-igny-1b4q7811280s","FullName":"Dwight Iveagh","Gender":"Male","Age": "21","Role":"Cabin Crew","StartDate":"2016-10-06","Salary": "1993","Address":"848 Lien Center"}]
