{"_id":{"$oid":"5be0cec2df743f683ecd1b8b"},"FlightNumber":"AI003","startAirport":{"Code":"CDG","Name":"Charles de Gaulle Airport"},"endAirport":{"Code":"LHR","Name":"London Heathrow International Airport"},"Plane":{"TailNumber":{"$numberInt":"1003"},"Make":"Airbus","Model":"A380"},"departureDateTime":{"$date":{"$numberLong":"1549086991000"}},"arrivalDateTime":{"$date":{"$numberLong":"1549090231000"}},"estimatedDuration":{"$numberInt":"54"},"distance":{"$numberInt":"347"},"Crew":{"Pilots":[{"PilotLicenseNumber":"1324500000","Name":"Mccarthy Maxwell","Role":"Captain"},{"PilotLicenseNumber":"1010442785","Name":"Jo Rowe","Role":"FirstOffice"}],"CabinCrew":[{"EmployeeID":"4ecbb093-98f4-4b78-981f-fbb4306e56e3","FullName":"Melisa Haney"},{"EmployeeID":"ff86e022-7bef-4980-88ac-07a60ace3ee6","FullName":"Lora Middleton"},{"EmployeeID":"b5051e6a-8381-4438-9445-c6fc04e99a6e","FullName":"Carole Mayo"}]},"operatingCost":{"$numberInt":"17394"},"seatingCostPerPessenger":{"$numberInt":"1898"}}
{"_id":{"$oid":"5be0cec2df743f683ecd1b8e"},"FlightNumber":"AI912","startAirport":{"Code":"MUC","Name":"Munchen International Airport"},"endAirport":{"Code":"LHR","Name":"London Heathrow International Airport"},"Plane":{"TailNumber":{"$numberInt":"1005"},"Make":"Boeing","Model":"A320"},"departureDateTime":{"$date":{"$numberLong":"1542634734000"}},"arrivalDateTime":{"$date":{"$numberLong":"1542640494000"}},"estimatedDuration":{"$numberInt":"96"},"distance":{"$numberInt":"944"},"Crew":{"Pilots":[{"PilotLicenseNumber":"1010442785","Name":"Walters Kennedy","Role":"Captain"},{"PilotLicenseNumber":"9022314657","Name":"George Johnson","Role":"FirstOffice"}],"CabinCrew":[{"EmployeeID":"4ecbb093-98f4-4b78-981f-fbb4306e56a9","FullName":"John Stockwell"},{"EmployeeID":"4ecbb093-98f4-4b78-981f-aww4306e56e3","FullName":"Andrew Johnson"},{"EmployeeID":"4ecbb093-98f4-4b78-981f-fbh8906e56e3","FullName":"Lisa Stones"}]},"operatingCost":{"$numberInt":"15867"},"seatingCostPerPessenger":{"$numberInt":"1832"}}
{"_id":{"$oid":"5be0cec2df743f683ecd1b92"},"FlightNumber":"AI399","startAirport":{"Code":"BRU","Name":"Brussels International Airport"},"endAirport":{"Code":"BCN","Name":"Barcelona–El Prat Airport"},"Plane":{"TailNumber":{"$numberInt":"1003"},"Make":"Boeing","Model":"A320"},"departureDateTime":{"$date":{"$numberLong":"1542667955000"}},"arrivalDateTime":{"$date":{"$numberLong":"1542674315000"}},"estimatedDuration":{"$numberInt":"106"},"distance":{"$numberInt":"1083"},"Crew":{"Pilots":[{"PilotLicenseNumber":"4041350741","Name":"Alyss Lovemore","Role":"Captain"},{"PilotLicenseNumber":"7135729201","Name":"Carlos Birtwell","Role":"FirstOffice"}],"CabinCrew":[{"EmployeeID":"s5833461-g804-859t-fakb-3k5j2561469f","FullName":"Ezri Reuther"},{"EmployeeID":"l1197833-i338-111b-gohw-4w2c5727830j","FullName":"Tuckie Teck"},{"EmployeeID":"j0485949-m435-080l-rfym-3q9t6095162e","FullName":"Meggy Ollenbuttel"}]},"operatingCost":{"$numberInt":"11493"},"seatingCostPerPessenger":{"$numberInt":"1938"}}
{"_id":{"$oid":"5be0cec2df743f683ecd1b8c"},"FlightNumber":"AI004","startAirport":{"Code":"BRU","Name":"Brussels International Airport"},"endAirport":{"Code":"LCA","Name":"Larnaca International Airport"},"Plane":{"TailNumber":{"$numberInt":"1002"},"Make":"Boeing","Model":"747"},"departureDateTime":{"$date":{"$numberLong":"1544861332000"}},"arrivalDateTime":{"$date":{"$numberLong":"1544875552000"}},"estimatedDuration":{"$numberInt":"237"},"distance":{"$numberInt":"2940"},"Crew":{"Pilots":[{"PilotLicenseNumber":"3123456700","Name":"Bowen Whitfield","Role":"Captain"},{"PilotLicenseNumber":"1334229044","Name":"Lindsay Baird","Role":"FirstOffice"}],"CabinCrew":[{"EmployeeID":"4ecbb093-98f4-4b78-981f-fbb4306e56e3","FullName":"Melisa Haney"},{"EmployeeID":"ff86e022-7bef-4980-88ac-07a60ace3ee6","FullName":"Lora Middleton"},{"EmployeeID":"b5051e6a-8381-4438-9445-c6fc04e99a6e","FullName":"Carole Mayo"}]},"operatingCost":{"$numberInt":"16522"},"seatingCostPerPessenger":{"$numberInt":"1900"}}
{"_id":{"$oid":"5be0cec2df743f683ecd1b96"},"FlightNumber":"AI945","startAirport":{"Code":"ATH","Name":"Athens International Airport"},"endAirport":{"Code":"BCN","Name":"Barcelona–El Prat Airport"},"Plane":{"TailNumber":{"$numberInt":"1000"},"Make":"Airbus","Model":"A380"},"departureDateTime":{"$date":{"$numberLong":"1544718298000"}},"arrivalDateTime":{"$date":{"$numberLong":"1544728138000"}},"estimatedDuration":{"$numberInt":"164"},"distance":{"$numberInt":"1909"},"Crew":{"Pilots":[{"PilotLicenseNumber":"3123456700","Name":"Bowen Whitfield","Role":"Captain"},{"PilotLicenseNumber":"5817792839","Name":"Estel Baroux","Role":"FirstOffice"}],"CabinCrew":[{"EmployeeID":"4ecbb093-98f4-4b78-910a-fbb4306e56e3","FullName":"Jennifer Richards"},{"EmployeeID":"b5051e6a-8381-4438-9445-c6fc04e99a6e","FullName":"Carole Mayo"},{"EmployeeID":"4ecbb093-98f4-4b78-981f-fbb4306e56a9","FullName":"John Stockwell"}]},"operatingCost":{"$numberInt":"19874"},"seatingCostPerPessenger":{"$numberInt":"1023"}}
{"_id":{"$oid":"5be0cec2df743f683ecd1b95"},"FlightNumber":"AI919","startAirport":{"Code":"FCO","Name":"Leonardo da Vinci–Fiumicino Airport"},"endAirport":{"Code":"BCN","Name":"Barcelona–El Prat Airport"},"Plane":{"TailNumber":{"$numberInt":"1006"},"Make":"Boeing","Model":"747"},"departureDateTime":{"$date":{"$numberLong":"1543444695000"}},"arrivalDateTime":{"$date":{"$numberLong":"1543450095000"}},"estimatedDuration":{"$numberInt":"90"},"distance":{"$numberInt":"850"},"Crew":{"Pilots":[{"PilotLicenseNumber":"1324500000","Name":"Mccarthy Maxwell","Role":"Captain"},{"PilotLicenseNumber":"2117981307","Name":"Orel Lade","Role":"FirstOffice"}],"CabinCrew":[{"EmployeeID":"4ecbb093-98f4-4b78-981f-fbb4306e56e3","FullName":"Melissa Haney"},{"EmployeeID":"4ecbb093-98f4-4b78-981f-fbb4306e56a9","FullName":"John Stockwell"},{"EmployeeID":"4ecbb093-98f4-4b78-910a-fbb4306e56e3","FullName":"Jennifer Richards"}]},"operatingCost":{"$numberInt":"15398"},"seatingCostPerPessenger":{"$numberInt":"1367"}}
{"_id":{"$oid":"5be0cec2df743f683ecd1b8d"},"FlightNumber":"AI153","startAirport":{"Code":"MUC","Name":"Munchen International Airport"},"endAirport":{"Code":"BCN","Name":"Barcelona–El Prat Airport"},"Plane":{"TailNumber":{"$numberInt":"1000"},"Make":"Airbus","Model":"A320"},"departureDateTime":{"$date":{"$numberLong":"1542347173000"}},"arrivalDateTime":{"$date":{"$numberLong":"1542352933000"}},"estimatedDuration":{"$numberInt":"96"},"distance":{"$numberInt":"1096"},"Crew":{"Pilots":[{"PilotLicenseNumber":"1111239831","Name":"Gina Reyes","Role":"Captain"},{"PilotLicenseNumber":"6732229846","Name":"Irma Ryan","Role":"FirstOffice"}],"CabinCrew":[{"EmployeeID":"4ecbb093-98f4-4b78-981f-fbb4306e56a9","FullName":"John Stockell"},{"EmployeeID":"4ecbb093-98f4-4b78-981f-aww4306e56e3","FullName":"Andrew Johnson"},{"EmployeeID":"4ecbb093-98f4-4b78-981f-fbh8906e56e3","FullName":"Lisa Stones"}]},"operatingCost":{"$numberInt":"15717"},"seatingCostPerPessenger":{"$numberInt":"1520"}}
{"_id":{"$oid":"5be0cec2df743f683ecd1b90"},"FlightNumber":"AI538","startAirport":{"Code":"MUC","Name":"Munchen International Airport"},"endAirport":{"Code":"FCO","Name":"Leonardo da Vinci–Fiumicino Airport"},"Plane":{"TailNumber":{"$numberInt":"1000"},"Make":"Boeing","Model":"747"},"departureDateTime":{"$date":{"$numberLong":"1546645183000"}},"arrivalDateTime":{"$date":{"$numberLong":"1546650043000"}},"estimatedDuration":{"$numberInt":"81"},"distance":{"$numberInt":"729"},"Crew":{"Pilots":[{"PilotLicenseNumber":"9090313144","Name":"Tammie Dawson","Role":"Captain"},{"PilotLicenseNumber":"5119314744","Name":"Lonnard Mewitt","Role":"FirstOffice"}],"CabinCrew":[{"EmployeeID":"4ecbb093-98f4-4b78-999a-fbb4306e56e3","FullName":"Johnathan Jacombo"},{"EmployeeID":"h5452412-w785-327i-lvpn-3m1j5729487t","FullName":"Gerhard Shark"},{"EmployeeID":"f8511785-h339-529o-ljqp-3j5g4882655w","FullName":"Coriss Majury"}]},"operatingCost":{"$numberInt":"19877"},"seatingCostPerPessenger":{"$numberInt":"1617"}}
{"_id":{"$oid":"5be0cec2df743f683ecd1b99"},"FlightNumber":"AI938","startAirport":{"Code":"OSL","Name":"Oslo Airport Gardermoen"},"endAirport":{"Code":"LHR","Name":"London Heathrow International Airport"},"Plane":{"TailNumber":{"$numberInt":"1000"},"Make":"Airbus","Model":"747"},"departureDateTime":{"$date":{"$numberLong":"1547696143000"}},"arrivalDateTime":{"$date":{"$numberLong":"1547703043000"}},"estimatedDuration":{"$numberInt":"115"},"distance":{"$numberInt":"1208"},"Crew":{"Pilots":[{"PilotLicenseNumber":"1010442785","Name":"Walters Kennedy","Role":"Captain"},{"PilotLicenseNumber":"1012366500","Name":"Barack Bush","Role":"FirstOffice"}],"CabinCrew":[{"EmployeeID":"l1197833-i338-111b-gohw-4w2c5727830j","FullName":"Tuckie Teck"},{"EmployeeID":"j0485949-m435-080l-rfym-3q9t6095162e","FullName":"Meggy Ollenbuttel"},{"EmployeeID":"l0968563-e868-875r-cbqn-6h8a1106767c","FullName":"Alvis Daymond"}]},"operatingCost":{"$numberInt":"14780"},"seatingCostPerPessenger":{"$numberInt":"1170"}}
{"_id":{"$oid":"5be0cec2df743f683ecd1b8f"},"FlightNumber":"AI071","startAirport":{"Code":"CPH","Name":"Copenhagen Airport"},"endAirport":{"Code":"OSL","Name":"Oslo Airport Gardermoen"},"Plane":{"TailNumber":{"$numberInt":"1005"},"Make":"Boeing","Model":"747"},"departureDateTime":{"$date":{"$numberLong":"1546191096000"}},"arrivalDateTime":{"$date":{"$numberLong":"1546195056000"}},"estimatedDuration":{"$numberInt":"66"},"distance":{"$numberInt":"518"},"Crew":{"Pilots":[{"PilotLicenseNumber":"2239994370","Name":"Bond Hobbs","Role":"Captain"},{"PilotLicenseNumber":"1012366500","Name":"Barack Bush","Role":"FirstOffice"}],"CabinCrew":[{"EmployeeID":"4ecbb093-98f4-4b78-910a-fbb4306e56e3","FullName":"Jennifer Richards"},{"EmployeeID":"4ecbb093-98f4-4b78-981f-att6786e56e3","FullName":"Alex Smith"},{"EmployeeID":"4ecbb093-98f4-4b78-981f-fbb7777e56e3","FullName":"Isabela Drake"}]},"operatingCost":{"$numberInt":"18978"},"seatingCostPerPessenger":{"$numberInt":"1956"}}
{"_id":{"$oid":"5be0cec2df743f683ecd1b91"},"FlightNumber":"AI428","startAirport":{"Code":"CPH","Name":"Copenhagen Airport"},"endAirport":{"Code":"ATH","Name":"Athens International Airport"},"Plane":{"TailNumber":{"$numberInt":"1009"},"Make":"Boeing","Model":"A380"},"departureDateTime":{"$date":{"$numberLong":"1549468216000"}},"arrivalDateTime":{"$date":{"$numberLong":"1549479076000"}},"estimatedDuration":{"$numberInt":"181"},"distance":{"$numberInt":"2140"},"Crew":{"Pilots":[{"PilotLicenseNumber":"1312330464","Name":"Gale Hartwright","Role":"Captain"},{"PilotLicenseNumber":"7184369203","Name":"Sterne Tidmarsh","Role":"FirstOffice"}],"CabinCrew":[{"EmployeeID":"s5833461-g804-859t-fakb-3k5j2561469f","FullName":"Ezri Reuther"},{"EmployeeID":"l1197833-i338-111b-gohw-4w2c5727830j","FullName":"Tuckie Teck"},{"EmployeeID":"j0485949-m435-080l-rfym-3q9t6095162e","FullName":"Meggy Ollenbuttel"}]},"operatingCost":{"$numberInt":"18503"},"seatingCostPerPessenger":{"$numberInt":"1975"}}
{"_id":{"$oid":"5be0cec2df743f683ecd1b93"},"FlightNumber":"AI497","startAirport":{"Code":"OSL","Name":"Oslo Airport Gardermoen"},"endAirport":{"Code":"BCN","Name":"Barcelona–El Prat Airport"},"Plane":{"TailNumber":{"$numberInt":"1001"},"Make":"Boeing","Model":"A380"},"departureDateTime":{"$date":{"$numberLong":"1547990725000"}},"arrivalDateTime":{"$date":{"$numberLong":"1548001765000"}},"estimatedDuration":{"$numberInt":"184"},"distance":{"$numberInt":"2192"},"Crew":{"Pilots":[{"PilotLicenseNumber":"5937545304","Name":"Jakob Phipps","Role":"Captain"},{"PilotLicenseNumber":"7988393969","Name":"Gustave Crisp","Role":"FirstOffice"}],"CabinCrew":[{"EmployeeID":"k1992051-i214-869i-fxhd-4g0w3766904w","FullName":"Lennard Olivello"},{"EmployeeID":"u8286205-n804-097a-rfme-4b2v1791975s","FullName":"Nanny Skoggings"},{"EmployeeID":"l0968563-e868-875r-cbqn-6h8a1106767c","FullName":"Alvis Daymond"}]},"operatingCost":{"$numberInt":"15262"},"seatingCostPerPessenger":{"$numberInt":"1135"}}
{"_id":{"$oid":"5be0cec2df743f683ecd1b97"},"FlightNumber":"AI989","startAirport":{"Code":"MUC","Name":"Munchen International Airport"},"endAirport":{"Code":"CDG","Name":"Charles de Gaulle Airport"},"Plane":{"TailNumber":{"$numberInt":"1003"},"Make":"Boeing","Model":"A320"},"departureDateTime":{"$date":{"$numberLong":"1547152371000"}},"arrivalDateTime":{"$date":{"$numberLong":"1547157051000"}},"estimatedDuration":{"$numberInt":"78"},"distance":{"$numberInt":"684"},"Crew":{"Pilots":[{"PilotLicenseNumber":"1111239831","Name":"Gina Reyes","Role":"Captain"},{"PilotLicenseNumber":"1020311220","Name":"Jo Rowe","Role":"First Office"}],"CabinCrew":[{"EmployeeID":"4ecbb093-98f4-4b78-981f-fbh8906e56e3","FullName":"Lisa Stones"},{"EmployeeID":"4ecbb093-98f4-4b78-981f-att6786e56e3","FullName":"Alex Smith"},{"EmployeeID":"4ecbb093-98f4-4b78-999a-fbb4306e56e3","FullName":"Johnathan Jacombo"}]},"operatingCost":{"$numberInt":"18728"},"seatingCostPerPessenger":{"$numberInt":"1869"}}
{"_id":{"$oid":"5be0cec2df743f683ecd1b94"},"FlightNumber":"AI593","startAirport":{"Code":"ATH","Name":"Athens International Airport"},"endAirport":{"Code":"BCN","Name":"Barcelona–El Prat Airport"},"Plane":{"TailNumber":{"$numberInt":"1004"},"Make":"Boeing","Model":"747"},"departureDateTime":{"$date":{"$numberLong":"1543515308000"}},"arrivalDateTime":{"$date":{"$numberLong":"1543525148000"}},"estimatedDuration":{"$numberInt":"164"},"distance":{"$numberInt":"1909"},"Crew":{"Pilots":[{"PilotLicenseNumber":"9819485349","Name":"Skippy Gurrado","Role":"Captain"},{"PilotLicenseNumber":"7984904472","Name":"Fonz Lutzmann","Role":"FirstOffice"}],"CabinCrew":[{"EmployeeID":"k1992051-i214-869i-fxhd-4g0w3766904w","FullName":"Lennard Olivelo"},{"EmployeeID":"c0972883-t673-373k-wsub-0n8h4308995y","FullName":"Brendin Rosenkranc"},{"EmployeeID":"p9368213-c601-792i-igny-1b4q7811280s","FullName":"Dwight Iveagh"}]},"operatingCost":{"$numberInt":"10659"},"seatingCostPerPessenger":{"$numberInt":"1267"}}
{"_id":{"$oid":"5be0cec2df743f683ecd1b98"},"FlightNumber":"AI964","startAirport":{"Code":"BCN","Name":"Barcelona–El Prat Airport"},"endAirport":{"Code":"FCO","Name":"Leonardo da Vinci–Fiumicino Airport"},"Plane":{"TailNumber":{"$numberInt":"1000"},"Make":"Boeing","Model":"747"},"departureDateTime":{"$date":{"$numberLong":"1543031997000"}},"arrivalDateTime":{"$date":{"$numberLong":"1543037397000"}},"estimatedDuration":{"$numberInt":"90"},"distance":{"$numberInt":"850"},"Crew":{"Pilots":[{"PilotLicenseNumber":"1010442785","Name":"Walters Kennedy","Role":"Captain"},{"PilotLicenseNumber":"1020311220","Name":"Jo Rowe","Role":"FirstOffice"}],"CabinCrew":[{"EmployeeID":"h5452412-w785-327i-lvpn-3m1j5729487t","FullName":"Gerhard Shark"},{"EmployeeID":"f8511785-h339-529o-ljqp-3j5g4882655w","FullName":"Coriss Majury"},{"EmployeeID":"s5833461-g804-859t-fakb-3k5j2561469f","FullName":"Ezri Reuther"}]},"operatingCost":{"$numberInt":"14962"},"seatingCostPerPessenger":{"$numberInt":"1916"}}
