{"_id":{"$oid":"5bdf43c89a1a621b28dbfbda"},"email":"yeavella@yahoo.com","fullName":"Yesid Avella","title":"Mr.","age":"68","gender":"Male"}
{"_id":{"$oid":"5bdf44f34f71331b28102bd5"},"email":"aiacovou5@gmail.com\t","fullName":"Andreas Iacovou","title":"Mr.","age":"55","gender":"Male"}
{"_id":{"$oid":"5bdf45c14f71331b28102bd7"},"email":"isufali@yahoo.co.uk","fullName":"Isuf Ali","title":"Mr.","age":"54","gender":"Male"}
{"_id":{"$oid":"5bdf462e4f71331b28102bd8"},"email":"aditisaraswat4@gmail.com","fullName":"Aditi Saraswat","title":"Mrs.","age":"24","gender":"Female"}
{"_id":{"$oid":"5bdf47164f71331b28102bd9"},"email":"chelseaGough@yahoo.com","fullName":"Chelsea Gough","title":"Mrs.","age":"45","gender":"Female"}
{"_id":{"$oid":"5bdf47594f71331b28102bda"},"email":"gabrielSullivan@yahoo.com","fullName":"Gabriel Sullivan","title":"Mr.","age":"19","gender":"Male"}
{"_id":{"$oid":"5bdf48054f71331b28102bdb"},"email":"ireneByrnes@gmail.com","fullName":"Irene Byrnes","title":"Mrs.","age":"25","gender":"Female"}
{"_id":{"$oid":"5bdf48514f71331b28102bdc"},"email":"siobhanGoosby@hotmail.com","fullName":"Siobhan Goosby","title":"Mr.","age":"38","gender":"Male"}
{"_id":{"$oid":"5bdf486e4f71331b28102bdd"},"email":"rafaelNicols@hotmail.com","fullName":"Rafael Nicols","title":"Mr.","age":"44","gender":"Male"}
{"_id":{"$oid":"5bdf48ef4f71331b28102bde"},"email":"brigitteLott@yahoo.com","fullName":"Brigitte Lott","title":"Miss.","age":"17","gender":"Female"}
{"_id":{"$oid":"5be1c7b61bdd95ec7fd0bb84"},"email":"rayars7@plala.or.jp","fullName":"Raff Ayars","title":"Ms","age":{"$numberInt":"58"},"gender":"Male"}
{"_id":{"$oid":"5be1c7b61bdd95ec7fd0bb89"},"email":"xdec@4shared.com","fullName":"Xenia De Angelis","title":"Dr","age":{"$numberInt":"55"},"gender":"Female"}
{"_id":{"$oid":"5be1c7b61bdd95ec7fd0bb83"},"email":"mclaffey6@amazon.de","fullName":"Myrlene Claffey","title":"Honorable","age":{"$numberInt":"50"},"gender":"Female"}
{"_id":{"$oid":"5be1c7b61bdd95ec7fd0bb7e"},"email":"eleachman1@bravesites.com","fullName":"Eloise Leachman","title":"Mrs","age":{"$numberInt":"20"},"gender":"Female"}
{"_id":{"$oid":"5be1c7b61bdd95ec7fd0bb80"},"email":"ihoulahan3@kickstarter.com","fullName":"Ignacio Houlahan","title":"Rev","age":{"$numberInt":"26"},"gender":"Male"}
{"_id":{"$oid":"5be1c7b61bdd95ec7fd0bb7d"},"email":"fconti0@artisteer.com","fullName":"Findlay Conti","title":"Ms","age":{"$numberInt":"98"},"gender":"Male"}
{"_id":{"$oid":"5be1c7b61bdd95ec7fd0bb8f"},"email":"gfaulkeneri@odnoklassniki.ru","fullName":"Gil Faulkener","title":"Dr","age":{"$numberInt":"96"},"gender":"Male"}
{"_id":{"$oid":"5be1c7b61bdd95ec7fd0bb8d"},"email":"gmitchelsong@indiatimes.com","fullName":"Grayce Mitchelson","title":"Mrs","age":{"$numberInt":"75"},"gender":"Female"}
{"_id":{"$oid":"5be1c7b61bdd95ec7fd0bb95"},"email":"mramirezo@friendfeed.com","fullName":"Monah Ramirez","title":"Rev","age":{"$numberInt":"20"},"gender":"Female"}
{"_id":{"$oid":"5be1c7b61bdd95ec7fd0bb8b"},"email":"molivie@uiuc.edu","fullName":"Miguel Olivi","title":"Honorable","age":{"$numberInt":"32"},"gender":"Male"}
{"_id":{"$oid":"5be1c7b61bdd95ec7fd0bb98"},"email":"abridgestockr@fastcompany.com","fullName":"Aurelie Bridgestock","title":"Honorable","age":{"$numberInt":"92"},"gender":"Female"}
{"_id":{"$oid":"5be1c7b61bdd95ec7fd0bb9a"},"email":"jtrittont@chicagotribune.com","fullName":"Jennine Tritton","title":"Mr","age":{"$numberInt":"63"},"gender":"Female"}
{"_id":{"$oid":"5be1c7b61bdd95ec7fd0bb96"},"email":"svossp@vinaora.com","fullName":"Sandy Voss","title":"Mrs","age":{"$numberInt":"89"},"gender":"Male"}
{"_id":{"$oid":"5be1c7b61bdd95ec7fd0bb7f"},"email":"hfitkin2@oaic.gov.au","fullName":"Hamish Fitkin","title":"Rev","age":{"$numberInt":"98"},"gender":"Male"}
{"_id":{"$oid":"5be1c7b61bdd95ec7fd0bb85"},"email":"jmackneis8@mit.edu","fullName":"Jeremy Mackneis","title":"Rev","age":{"$numberInt":"94"},"gender":"Male"}
{"_id":{"$oid":"5be1c7b61bdd95ec7fd0bb88"},"email":"acoppenhallb@360.cn","fullName":"Andy Coppenhall","title":"Rev","age":{"$numberInt":"20"},"gender":"Male"}
{"_id":{"$oid":"5be1c7b61bdd95ec7fd0bb86"},"email":"bbroseke9@blog.com","fullName":"Bengt Broseke","title":"Mrs","age":{"$numberInt":"35"},"gender":"Male"}
{"_id":{"$oid":"5be1c7b61bdd95ec7fd0bb93"},"email":"egrollm@nationalgeographic.com","fullName":"Everard Groll","title":"Mrs","age":{"$numberInt":"88"},"gender":"Male"}
{"_id":{"$oid":"5be1c7b61bdd95ec7fd0bb8a"},"email":"rjorissend@weebly.com","fullName":"Renie Jorissen","title":"Mr","age":{"$numberInt":"52"},"gender":"Female"}
{"_id":{"$oid":"5be1c7b61bdd95ec7fd0bb90"},"email":"mtruwertj@nyu.edu","fullName":"Matty Truwert","title":"Mrs","age":{"$numberInt":"93"},"gender":"Male"}
{"_id":{"$oid":"5be1c7b61bdd95ec7fd0bb97"},"email":"dcameratiq@simplemachines.org","fullName":"Dominik Camerati","title":"Mr","age":{"$numberInt":"40"},"gender":"Male"}
{"_id":{"$oid":"5be1c7b61bdd95ec7fd0bb8e"},"email":"sscipseyh@angelfire.com","fullName":"Stinky Scipsey","title":"Honorable","age":{"$numberInt":"51"},"gender":"Male"}
{"_id":{"$oid":"5be1c7b61bdd95ec7fd0bb99"},"email":"grobathams@cyberchimps.com","fullName":"Gordan Robatham","title":"Honorable","age":{"$numberInt":"34"},"gender":"Male"}
{"_id":{"$oid":"5be1c7b61bdd95ec7fd0bb94"},"email":"agierckn@spiegel.de","fullName":"Arthur Gierck","title":"Honorable","age":{"$numberInt":"83"},"gender":"Male"}
{"_id":{"$oid":"5be1c7b61bdd95ec7fd0bb82"},"email":"acropper5@nba.com","fullName":"Aland Cropper","title":"Dr","age":{"$numberInt":"49"},"gender":"Male"}
{"_id":{"$oid":"5be1c7b61bdd95ec7fd0bb8c"},"email":"ugillmoref@youtube.com","fullName":"Uta Gillmore","title":"Rev","age":{"$numberInt":"77"},"gender":"Female"}
{"_id":{"$oid":"5be1c7b61bdd95ec7fd0bb81"},"email":"lrichfield4@google.co.uk","fullName":"Leigha Richfield","title":"Mrs","age":{"$numberInt":"25"},"gender":"Female"}
{"_id":{"$oid":"5be1c7b61bdd95ec7fd0bb91"},"email":"fmacgillicuddyk@icio.us","fullName":"Fan MacGillicuddy","title":"Dr","age":{"$numberInt":"47"},"gender":"Female"}
{"_id":{"$oid":"5be1c7b61bdd95ec7fd0bb87"},"email":"ahalfhydea@youtube.com","fullName":"Anissa Halfhyde","title":"Honorable","age":{"$numberInt":"44"},"gender":"Female"}
{"_id":{"$oid":"5be1c7b61bdd95ec7fd0bb92"},"email":"dolechl@stumbleupon.com","fullName":"Darcie Olech","title":"Ms","age":{"$numberInt":"33"},"gender":"Female"}
