{"_id":{"$oid":"5bdcc52cb80e61b9751008a9"},"TailNumber":{"$numberInt":"1002"},"Make":"Boeing","Model":"747","FlyingRange":{"$numberInt":"15844"},"DateBuilt":{"$date":{"$numberLong":"1366671600000"}},"DatePurchased":"10/18/2018","Status":"In Transit","Seating Capacity":{"$numberInt":"396"},"DateOfFirstFlight":"10/4/2017","TankCapacity":{"$numberInt":"181300"}}
{"_id":{"$oid":"5bdcc52cb80e61b9751008ab"},"TailNumber":{"$numberInt":"1004"},"Make":"Airbus","Model":"A320","FlyingRange":{"$numberInt":"15200"},"DateBuilt":{"$date":{"$numberLong":"1364601600000"}},"DatePurchased":"1/8/2018","Status":"In Use","Seating Capacity":{"$numberInt":"180"},"DateOfFirstFlight":"3/12/2018","TankCapacity":{"$numberInt":"23430"}}
{"_id":{"$oid":"5bdcc52cb80e61b9751008a8"},"TailNumber":{"$numberInt":"1001"},"Make":"Airbus","Model":"A380","FlyingRange":{"$numberInt":"6850"},"DateBuilt":{"$date":{"$numberLong":"1283295600000"}},"DatePurchased":"10/27/2018","Status":"Being Repaired","Seating Capacity":{"$numberInt":"853"},"DateOfFirstFlight":"3/2/2015","TankCapacity":{"$numberInt":"320000"}}
{"_id":{"$oid":"5bdcc52cb80e61b9751008aa"},"TailNumber":{"$numberInt":"1003"},"Make":"Boeing","Model":"747","FlyingRange":{"$numberInt":"15844"},"DateBuilt":{"$date":{"$numberLong":"1330560000000"}},"DatePurchased":"2/28/2018","Status":"In Transit","Seating Capacity":{"$numberInt":"396"},"DateOfFirstFlight":"8/24/2015","TankCapacity":{"$numberInt":"181300"}}
{"_id":{"$oid":"5bdcc52cb80e61b9751008af"},"TailNumber":{"$numberInt":"1008"},"Make":"Airbus","Model":"A320","FlyingRange":{"$numberInt":"15200"},"DateBuilt":{"$date":{"$numberLong":"1350514800000"}},"DatePurchased":"10/20/2017","Status":"In Use","Seating Capacity":{"$numberInt":"180"},"DateOfFirstFlight":"5/4/2017","TankCapacity":{"$numberInt":"23430"}}
{"_id":{"$oid":"5bdcc52cb80e61b9751008ac"},"TailNumber":{"$numberInt":"1005"},"Make":"Airbus","Model":"A320","FlyingRange":{"$numberInt":"15200"},"DateBuilt":{"$date":{"$numberLong":"1361059200000"}},"DatePurchased":"2/2/2018","Status":"Being Repaired","Seating Capacity":{"$numberInt":"180"},"DateOfFirstFlight":"7/9/2018","TankCapacity":{"$numberInt":"23430"}}
{"_id":{"$oid":"5bdcc52cb80e61b9751008a7"},"TailNumber":{"$numberInt":"1000"},"Make":"Boeing","Model":"747","FlyingRange":{"$numberInt":"15844"},"DateBuilt":{"$date":{"$numberLong":"1398121200000"}},"DatePurchased":"9/30/2017","Status":"In Use","Seating Capacity":{"$numberInt":"396"},"DateOfFirstFlight":"9/26/2015","TankCapacity":{"$numberInt":"181300"}}
{"_id":{"$oid":"5bdcc52cb80e61b9751008ad"},"TailNumber":{"$numberInt":"1006"},"Make":"Airbus","Model":"A320","FlyingRange":{"$numberInt":"15200"},"DateBuilt":{"$date":{"$numberLong":"1334358000000"}},"DatePurchased":"9/26/2017","Status":"In Use","Seating Capacity":{"$numberInt":"180"},"DateOfFirstFlight":"11/19/2014","TankCapacity":{"$numberInt":"23430"}}
{"_id":{"$oid":"5bdcc52cb80e61b9751008b1"},"TailNumber":{"$numberInt":"1010"},"Make":"Airbus","Model":"A380","FlyingRange":{"$numberInt":"6650"},"DateBuilt":{"$date":{"$numberLong":"1335049200000"}},"DatePurchased":"8/24/2018","Status":"In Use","Seating Capacity":{"$numberInt":"853"},"DateOfFirstFlight":"11/27/2017","TankCapacity":{"$numberInt":"320000"}}
{"_id":{"$oid":"5bdcc52cb80e61b9751008b0"},"TailNumber":{"$numberInt":"1009"},"Make":"Airbus","Model":"A320","FlyingRange":{"$numberInt":"15200"},"DateBuilt":{"$date":{"$numberLong":"1304982000000"}},"DatePurchased":"12/16/2017","Status":"In Use","Seating Capacity":{"$numberInt":"180"},"DateOfFirstFlight":"10/3/2017","TankCapacity":{"$numberInt":"23430"}}
{"_id":{"$oid":"5bdcc52cb80e61b9751008ae"},"TailNumber":{"$numberInt":"1007"},"Make":"Airbus","Model":"A380","FlyingRange":{"$numberInt":"6850"},"DateBuilt":{"$date":{"$numberLong":"1241910000000"}},"DatePurchased":"5/23/2018","Status":"In Transit","Seating Capacity":{"$numberInt":"853"},"DateOfFirstFlight":"3/6/2018","TankCapacity":{"$numberInt":"320000"}}
{"_id":{"$oid":"5bdcc52cb80e61b9751008b2"},"TailNumber":{"$numberInt":"1011"},"Make":"Airbus","Model":"A320","FlyingRange":{"$numberInt":"15200"},"DateBuilt":{"$date":{"$numberLong":"1350774000000"}},"DatePurchased":"8/30/2017","Status":"In Transit","Seating Capacity":{"$numberInt":"180"},"DateOfFirstFlight":"2/29/2016","TankCapacity":{"$numberInt":"23430"}}
